{
    "comment": "gemnet scaling factors for combined total dataset based on CDivAE model",
    "TripInteraction_1_had_rbf": 10.813633918762207,
    "TripInteraction_1_sum_cbf": 19.2523193359375,
    "AtomUpdate_1_sum": 3.2318496704101562,
    "TripInteraction_2_had_rbf": 11.035867691040039,
    "TripInteraction_2_sum_cbf": 18.814105987548828,
    "AtomUpdate_2_sum": 3.0346298217773438,
    "TripInteraction_3_had_rbf": 11.701811790466309,
    "TripInteraction_3_sum_cbf": 17.817684173583984,
    "AtomUpdate_3_sum": 3.130549669265747,
    "OutBlock_0_sum": 2.917837619781494,
    "OutBlock_0_had": 8.882827758789062,
    "OutBlock_1_sum": 3.043931007385254,
    "OutBlock_1_had": 9.253201484680176,
    "OutBlock_2_sum": 3.0319602489471436,
    "OutBlock_2_had": 8.499346733093262,
    "OutBlock_3_sum": 3.0141708850860596,
    "OutBlock_3_had": 8.159819602966309
}