{
    "comment": "gemnet scaling factors for combined total dataset based on CDivAE model",
    "TripInteraction_1_had_rbf": 11.419276237487793,
    "TripInteraction_1_sum_cbf": 20.094390869140625,
    "AtomUpdate_1_sum": 3.2047109603881836,
    "TripInteraction_2_had_rbf": 11.265867233276367,
    "TripInteraction_2_sum_cbf": 21.91048812866211,
    "AtomUpdate_2_sum": 3.089374303817749,
    "TripInteraction_3_had_rbf": 11.719781875610352,
    "TripInteraction_3_sum_cbf": 20.23607063293457,
    "AtomUpdate_3_sum": 3.639516592025757,
    "OutBlock_0_sum": 3.26751708984375,
    "OutBlock_0_had": 9.4426851272583,
    "OutBlock_1_sum": 2.9953391551971436,
    "OutBlock_1_had": 9.381752967834473,
    "OutBlock_2_sum": 3.127117872238159,
    "OutBlock_2_had": 9.677106857299805,
    "OutBlock_3_sum": 3.3281166553497314,
    "OutBlock_3_had": 9.9006929397583
}