{
    "comment": "gemnet scaling factors for combined total dataset based on CDivAE model",
    "TripInteraction_1_had_rbf": 17.545581817626953,
    "TripInteraction_1_sum_cbf": 20.5485897064209,
    "AtomUpdate_1_sum": 3.731555700302124,
    "TripInteraction_2_had_rbf": 17.204322814941406,
    "TripInteraction_2_sum_cbf": 20.353221893310547,
    "AtomUpdate_2_sum": 3.5050723552703857,
    "TripInteraction_3_had_rbf": 16.532283782958984,
    "TripInteraction_3_sum_cbf": 20.149436950683594,
    "AtomUpdate_3_sum": 3.5739364624023438,
    "OutBlock_0_sum": 4.4892258644104,
    "OutBlock_0_had": 19.51259422302246,
    "OutBlock_1_sum": 4.105266094207764,
    "OutBlock_1_had": 17.966386795043945,
    "OutBlock_2_sum": 3.913095235824585,
    "OutBlock_2_had": 17.708417892456055,
    "OutBlock_3_sum": 4.211640357971191,
    "OutBlock_3_had": 17.560667037963867
}