{
    "comment": "gemnet scaling factors for combined total dataset",
    "TripInteraction_1_had_rbf": 18.48264503479004,
    "TripInteraction_1_sum_cbf": 15.913766860961914,
    "AtomUpdate_1_sum": 3.324389696121216,
    "TripInteraction_2_had_rbf": 17.55276107788086,
    "TripInteraction_2_sum_cbf": 15.775372505187988,
    "AtomUpdate_2_sum": 3.178644895553589,
    "TripInteraction_3_had_rbf": 17.33143424987793,
    "TripInteraction_3_sum_cbf": 15.633440017700195,
    "AtomUpdate_3_sum": 3.1739304065704346,
    "OutBlock_0_sum": 3.8564436435699463,
    "OutBlock_0_had": 17.842132568359375,
    "OutBlock_1_sum": 3.4632883071899414,
    "OutBlock_1_had": 16.76057243347168,
    "OutBlock_2_sum": 3.3426129817962646,
    "OutBlock_2_had": 16.77992057800293,
    "OutBlock_3_sum": 3.4686930179595947,
    "OutBlock_3_had": 16.582927703857422
}