{
    "comment": "gemnet scaling factors",
    "TripInteraction_1_had_rbf": 10.055388450622559,
    "TripInteraction_1_sum_cbf": 24.9257755279541,
    "AtomUpdate_1_sum": 4.105922698974609,
    "TripInteraction_2_had_rbf": 10.196396827697754,
    "TripInteraction_2_sum_cbf": 27.18389320373535,
    "AtomUpdate_2_sum": 3.801224946975708,
    "TripInteraction_3_had_rbf": 10.703861236572266,
    "TripInteraction_3_sum_cbf": 26.979894638061523,
    "AtomUpdate_3_sum": 4.033370018005371,
    "OutBlock_0_sum": 4.463305950164795,
    "OutBlock_0_had": 9.966654777526855,
    "OutBlock_1_sum": 4.797271728515625,
    "OutBlock_1_had": 10.659879684448242,
    "OutBlock_2_sum": 4.593101501464844,
    "OutBlock_2_had": 11.531311988830566,
    "OutBlock_3_sum": 4.584141254425049,
    "OutBlock_3_had": 11.203158378601074
}