{
    "comment": "gemnet scaling factors for combined total dataset",
    "TripInteraction_1_had_rbf": 18.147092819213867,
    "TripInteraction_1_sum_cbf": 16.187904357910156,
    "AtomUpdate_1_sum": 3.604095697402954,
    "TripInteraction_2_had_rbf": 17.397607803344727,
    "TripInteraction_2_sum_cbf": 16.21520233154297,
    "AtomUpdate_2_sum": 3.3651959896087646,
    "TripInteraction_3_had_rbf": 17.25952911376953,
    "TripInteraction_3_sum_cbf": 16.095285415649414,
    "AtomUpdate_3_sum": 3.4185807704925537,
    "OutBlock_0_sum": 4.023848056793213,
    "OutBlock_0_had": 18.274532318115234,
    "OutBlock_1_sum": 3.5513670444488525,
    "OutBlock_1_had": 17.458789825439453,
    "OutBlock_2_sum": 3.4859983921051025,
    "OutBlock_2_had": 17.301448822021484,
    "OutBlock_3_sum": 3.6129262447357178,
    "OutBlock_3_had": 17.619041442871094
}