{
    "comment": "gemnet scaling factors",
    "TripInteraction_1_had_rbf": 16.93413734436035,
    "TripInteraction_1_sum_cbf": 16.541351318359375,
    "AtomUpdate_1_sum": 3.5270283222198486,
    "TripInteraction_2_had_rbf": 16.099946975708008,
    "TripInteraction_2_sum_cbf": 16.441844940185547,
    "AtomUpdate_2_sum": 3.3426756858825684,
    "TripInteraction_3_had_rbf": 16.24712562561035,
    "TripInteraction_3_sum_cbf": 15.850393295288086,
    "AtomUpdate_3_sum": 3.333728790283203,
    "OutBlock_0_sum": 3.9590706825256348,
    "OutBlock_0_had": 18.13148307800293,
    "OutBlock_1_sum": 3.548783302307129,
    "OutBlock_1_had": 16.983108520507812,
    "OutBlock_2_sum": 3.562488317489624,
    "OutBlock_2_had": 17.200180053710938,
    "OutBlock_3_sum": 3.6035220623016357,
    "OutBlock_3_had": 17.364850997924805
}