{
    "comment": "gemnet scaling factors for combined total dataset based on CDivAE model",
    "TripInteraction_1_had_rbf": 10.613794326782227,
    "TripInteraction_1_sum_cbf": 21.81592559814453,
    "AtomUpdate_1_sum": 3.234149217605591,
    "TripInteraction_2_had_rbf": 10.72185230255127,
    "TripInteraction_2_sum_cbf": 22.597740173339844,
    "AtomUpdate_2_sum": 3.4341163635253906,
    "TripInteraction_3_had_rbf": 10.861673355102539,
    "TripInteraction_3_sum_cbf": 23.205965042114258,
    "AtomUpdate_3_sum": 3.0276567935943604,
    "OutBlock_0_sum": 3.1368021965026855,
    "OutBlock_0_had": 10.015946388244629,
    "OutBlock_1_sum": 3.0759828090667725,
    "OutBlock_1_had": 10.04090404510498,
    "OutBlock_2_sum": 3.3877315521240234,
    "OutBlock_2_had": 10.795190811157227,
    "OutBlock_3_sum": 3.2901835441589355,
    "OutBlock_3_had": 10.121613502502441
}