{
    "comment": "gemnet scaling factors for combined total dataset based on CDivAE model",
    "TripInteraction_1_had_rbf": 8.784943580627441,
    "TripInteraction_1_sum_cbf": 21.634429931640625,
    "AtomUpdate_1_sum": 3.286604404449463,
    "TripInteraction_2_had_rbf": 9.168076515197754,
    "TripInteraction_2_sum_cbf": 21.592117309570312,
    "AtomUpdate_2_sum": 3.205519914627075,
    "TripInteraction_3_had_rbf": 9.315993309020996,
    "TripInteraction_3_sum_cbf": 21.278715133666992,
    "AtomUpdate_3_sum": 3.070232391357422,
    "OutBlock_0_sum": 2.502141237258911,
    "OutBlock_0_had": 8.719527244567871,
    "OutBlock_1_sum": 2.6850035190582275,
    "OutBlock_1_had": 8.600523948669434,
    "OutBlock_2_sum": 2.8917081356048584,
    "OutBlock_2_had": 8.384182929992676,
    "OutBlock_3_sum": 2.8341946601867676,
    "OutBlock_3_had": 9.020559310913086
}