{
    "comment": "gemnet scaling factors for combined total dataset based on CDivAE model",
    "TripInteraction_1_had_rbf": 10.557225227355957,
    "TripInteraction_1_sum_cbf": 23.109601974487305,
    "AtomUpdate_1_sum": 3.193944215774536,
    "TripInteraction_2_had_rbf": 11.315570831298828,
    "TripInteraction_2_sum_cbf": 23.415203094482422,
    "AtomUpdate_2_sum": 3.5569937229156494,
    "TripInteraction_3_had_rbf": 10.814878463745117,
    "TripInteraction_3_sum_cbf": 24.441856384277344,
    "AtomUpdate_3_sum": 3.767695665359497,
    "OutBlock_0_sum": 2.618436336517334,
    "OutBlock_0_had": 7.479127883911133,
    "OutBlock_1_sum": 2.607473134994507,
    "OutBlock_1_had": 8.878304481506348,
    "OutBlock_2_sum": 2.669851064682007,
    "OutBlock_2_had": 8.982932090759277,
    "OutBlock_3_sum": 2.566300630569458,
    "OutBlock_3_had": 8.618252754211426
}