{
    "comment": "gemnet scaling factors for combined total dataset based on CDivAE model",
    "TripInteraction_1_had_rbf": 8.653524398803711,
    "TripInteraction_1_sum_cbf": 21.749801635742188,
    "AtomUpdate_1_sum": 4.063173294067383,
    "TripInteraction_2_had_rbf": 8.66771411895752,
    "TripInteraction_2_sum_cbf": 21.99153709411621,
    "AtomUpdate_2_sum": 4.15698766708374,
    "TripInteraction_3_had_rbf": 8.40670108795166,
    "TripInteraction_3_sum_cbf": 21.724327087402344,
    "AtomUpdate_3_sum": 3.9898452758789062,
    "OutBlock_0_sum": 3.107539176940918,
    "OutBlock_0_had": 9.845741271972656,
    "OutBlock_1_sum": 3.294623851776123,
    "OutBlock_1_had": 9.684895515441895,
    "OutBlock_2_sum": 3.2861733436584473,
    "OutBlock_2_had": 9.529335021972656,
    "OutBlock_3_sum": 3.5100834369659424,
    "OutBlock_3_had": 9.749103546142578
}