{
    "comment": "gemnet scaling factors for combined total dataset based on CDivAE model",
    "TripInteraction_1_had_rbf": 8.881425857543945,
    "TripInteraction_1_sum_cbf": 19.22918128967285,
    "AtomUpdate_1_sum": 3.1570792198181152,
    "TripInteraction_2_had_rbf": 8.26146411895752,
    "TripInteraction_2_sum_cbf": 20.411012649536133,
    "AtomUpdate_2_sum": 3.036569356918335,
    "TripInteraction_3_had_rbf": 8.910588264465332,
    "TripInteraction_3_sum_cbf": 20.52458381652832,
    "AtomUpdate_3_sum": 3.1875460147857666,
    "OutBlock_0_sum": 3.7442586421966553,
    "OutBlock_0_had": 10.088898658752441,
    "OutBlock_1_sum": 3.581202507019043,
    "OutBlock_1_had": 9.101757049560547,
    "OutBlock_2_sum": 3.5580804347991943,
    "OutBlock_2_had": 10.907455444335938,
    "OutBlock_3_sum": 4.257531642913818,
    "OutBlock_3_had": 9.70157241821289
}