{
    "comment": "gemnet scaling factors for combined total dataset based on CDivAE model",
    "TripInteraction_1_had_rbf": 11.280415534973145,
    "TripInteraction_1_sum_cbf": 18.192136764526367,
    "AtomUpdate_1_sum": 4.143864631652832,
    "TripInteraction_2_had_rbf": 12.005617141723633,
    "TripInteraction_2_sum_cbf": 19.120893478393555,
    "AtomUpdate_2_sum": 4.259221076965332,
    "TripInteraction_3_had_rbf": 11.40777587890625,
    "TripInteraction_3_sum_cbf": 19.95170021057129,
    "AtomUpdate_3_sum": 4.0545654296875,
    "OutBlock_0_sum": 4.067387580871582,
    "OutBlock_0_had": 9.794238090515137,
    "OutBlock_1_sum": 4.262407302856445,
    "OutBlock_1_had": 10.974401473999023,
    "OutBlock_2_sum": 4.123053073883057,
    "OutBlock_2_had": 11.628271102905273,
    "OutBlock_3_sum": 3.917699098587036,
    "OutBlock_3_had": 10.516437530517578
}