{
    "comment": "gemnet scaling factors for combined total dataset based on CDivAE model",
    "TripInteraction_1_had_rbf": 1.007982850074768,
    "TripInteraction_1_sum_cbf": 13.801248550415039,
    "AtomUpdate_1_sum": 0.38454970717430115,
    "TripInteraction_2_had_rbf": 0.838138997554779,
    "TripInteraction_2_sum_cbf": 14.285798072814941,
    "AtomUpdate_2_sum": 0.3631048798561096,
    "TripInteraction_3_had_rbf": 0.8526220321655273,
    "TripInteraction_3_sum_cbf": 13.174283981323242,
    "AtomUpdate_3_sum": 0.32723069190979004,
    "OutBlock_0_sum": 0.3364261984825134,
    "OutBlock_0_had": 0.7471938133239746,
    "OutBlock_1_sum": 0.32953745126724243,
    "OutBlock_1_had": 0.8838452696800232,
    "OutBlock_2_sum": 0.31257572770118713,
    "OutBlock_2_had": 0.8290085792541504,
    "OutBlock_3_sum": 0.37139901518821716,
    "OutBlock_3_had": 0.8385534882545471
}