{
    "comment": "gemnet scaling factors for combined total dataset based on CDivAE model",
    "TripInteraction_1_had_rbf": 0.8115959167480469,
    "TripInteraction_1_sum_cbf": 16.81063461303711,
    "AtomUpdate_1_sum": 0.29632219672203064,
    "TripInteraction_2_had_rbf": 0.5886209011077881,
    "TripInteraction_2_sum_cbf": 15.794039726257324,
    "AtomUpdate_2_sum": 0.23007668554782867,
    "TripInteraction_3_had_rbf": 0.5192430019378662,
    "TripInteraction_3_sum_cbf": 17.877506256103516,
    "AtomUpdate_3_sum": 0.1935146003961563,
    "OutBlock_0_sum": 0.30767005681991577,
    "OutBlock_0_had": 0.8412346243858337,
    "OutBlock_1_sum": 0.24477854371070862,
    "OutBlock_1_had": 0.6464569568634033,
    "OutBlock_2_sum": 0.2053239941596985,
    "OutBlock_2_had": 0.5307543277740479,
    "OutBlock_3_sum": 0.2305775135755539,
    "OutBlock_3_had": 0.519713819026947
}