{
    "comment": "gemnet scaling factors for combined total dataset based on CDivAE model",
    "TripInteraction_1_had_rbf": 17.657756805419922,
    "TripInteraction_1_sum_cbf": 20.006990432739258,
    "AtomUpdate_1_sum": 4.176568508148193,
    "TripInteraction_2_had_rbf": 17.530353546142578,
    "TripInteraction_2_sum_cbf": 19.854873657226562,
    "AtomUpdate_2_sum": 4.132344722747803,
    "TripInteraction_3_had_rbf": 16.924386978149414,
    "TripInteraction_3_sum_cbf": 19.580476760864258,
    "AtomUpdate_3_sum": 4.059817790985107,
    "OutBlock_0_sum": 4.31586217880249,
    "OutBlock_0_had": 18.7788143157959,
    "OutBlock_1_sum": 4.202362537384033,
    "OutBlock_1_had": 17.961711883544922,
    "OutBlock_2_sum": 4.146040916442871,
    "OutBlock_2_had": 18.191186904907227,
    "OutBlock_3_sum": 4.118220806121826,
    "OutBlock_3_had": 17.55938148498535
}