{
    "comment": "gemnet scaling factors for combined total dataset based on CDivAE model",
    "TripInteraction_1_had_rbf": 19.948219299316406,
    "TripInteraction_1_sum_cbf": 19.993364334106445,
    "AtomUpdate_1_sum": 4.010279655456543,
    "TripInteraction_2_had_rbf": 18.82868194580078,
    "TripInteraction_2_sum_cbf": 19.653209686279297,
    "AtomUpdate_2_sum": 3.9032070636749268,
    "TripInteraction_3_had_rbf": 18.782018661499023,
    "TripInteraction_3_sum_cbf": 19.405820846557617,
    "AtomUpdate_3_sum": 3.951545238494873,
    "OutBlock_0_sum": 3.9964511394500732,
    "OutBlock_0_had": 18.010133743286133,
    "OutBlock_1_sum": 3.795273780822754,
    "OutBlock_1_had": 17.2431583404541,
    "OutBlock_2_sum": 3.8390958309173584,
    "OutBlock_2_had": 16.862051010131836,
    "OutBlock_3_sum": 3.77522611618042,
    "OutBlock_3_had": 16.837453842163086
}