{
    "comment": "gemnet scaling factors for combined total dataset based on CDivAE model",
    "TripInteraction_1_had_rbf": 16.510164260864258,
    "TripInteraction_1_sum_cbf": 21.991968154907227,
    "AtomUpdate_1_sum": 3.4799084663391113,
    "TripInteraction_2_had_rbf": 16.098947525024414,
    "TripInteraction_2_sum_cbf": 22.056472778320312,
    "AtomUpdate_2_sum": 3.4559991359710693,
    "TripInteraction_3_had_rbf": 16.45676040649414,
    "TripInteraction_3_sum_cbf": 22.04312515258789,
    "AtomUpdate_3_sum": 3.8620550632476807,
    "OutBlock_0_sum": 4.077178478240967,
    "OutBlock_0_had": 16.8936824798584,
    "OutBlock_1_sum": 3.7735755443573,
    "OutBlock_1_had": 16.920154571533203,
    "OutBlock_2_sum": 3.954246997833252,
    "OutBlock_2_had": 16.62295150756836,
    "OutBlock_3_sum": 4.02400541305542,
    "OutBlock_3_had": 16.973339080810547
}