{
    "comment": "gemnet scaling factors for combined total dataset based on CDivAE model",
    "TripInteraction_1_had_rbf": 8.43028736114502,
    "TripInteraction_1_sum_cbf": 17.803762435913086,
    "AtomUpdate_1_sum": 2.691296100616455,
    "TripInteraction_2_had_rbf": 7.984719276428223,
    "TripInteraction_2_sum_cbf": 17.258464813232422,
    "AtomUpdate_2_sum": 2.879366397857666,
    "TripInteraction_3_had_rbf": 8.90861701965332,
    "TripInteraction_3_sum_cbf": 18.231672286987305,
    "AtomUpdate_3_sum": 2.7639122009277344,
    "OutBlock_0_sum": 3.5477981567382812,
    "OutBlock_0_had": 9.340197563171387,
    "OutBlock_1_sum": 3.8116917610168457,
    "OutBlock_1_had": 9.348620414733887,
    "OutBlock_2_sum": 3.832847833633423,
    "OutBlock_2_had": 8.982510566711426,
    "OutBlock_3_sum": 3.826205253601074,
    "OutBlock_3_had": 9.865306854248047
}